v1,v2,,,
spam,Последние обновления в блоге 7 надежных способов увеличения реферального трафика Компания Databox опросила десятки маркетологов (если быть точным то 42) чтобы узнать какими методами они пользуются для увеличения реферального (партнерского) трафика на их сайты. В результате выяснилось что 74% респондентов,,,
spam,Бухта сладостей!!! Сладости со всего мира! Дорогие друзья! У нас очередное поступление товара из Европы! Наш склад пополнился новинкой Подарочная Новогодняя Трость Oreo. Также представляем новинку от PEPSI из Германии газированный напиток Schwip Schwap Cola+Orange Juice 330ml. Вам лучше попробовать это самим но по нашему мнению это лучшее с чем можно сочетать вкус кока-колы. Классика от компании Kellogg's. Три вида которые Вы не найдете на прилавках российский магазинов. Corn Flakes 375g Frosties 375g а также новинка Дисней с героями мультфильма Невероятная семейка-2 на упаковке. Долгожданные игрушки из серии M&M's Duty Free снова в наличии. Со всеми новинками и всем ассортиментом вы можете ознакомиться скачав наш Прайс - лист.,,,
spam,Последние обновления в блоге 11 мощных тактик для написания кликабельных заголовков Вы удивитесь но хотя по статистике заголовки читают 8 из 10 человек лишь двое из них открывают затем саму ссылку. Вот почему так важно приложить немало усилий для создания заголовка,,,
spam,Добрый день! Вы регистрировались ранее на бесплатный семинар «6 секретов личных финансов» Семинар состоится завтра 7 ноября с 19-00 до 21-00 по адресу: г. Казань «Шаляпин Палас Отель» ул. Университетская 7. КОНФЕРЕНЦ-ЗАЛ 2-й этаж Приходите и приводите друзей. БУДЕТ ИНТЕРЕСНО И ПОЛЕЗНО! Что будет на семинаре: Уникальный тест на уровень финансового IQ «Деньги» - что это на самом деле? Как ими управлять? Самые эффективные стратегии достижения финансовых целей  Что такое финансовая безопасность финансовая независимость финансовая свобода и как этого достичь 6 способов повышения доходов Как максимально быстро создать свой капитал Способы инвестирования денег приносящие до 60% годовых Получите заряд уверенности энергии и новых финансовых знаний!  Полезные и приятные подарки! Чего не будет на семинаре: Рекламы сетевых бизнесов и финансовых пирамид Вовлечений в инвестиции куда-либо Нудных лекций С собой возьмите ручку и блокнот для записей. Можете взять коллег и друзей для кого важны личные финансы. (запись на сайте) Регистрация начинается с 18-30 семинар начинается в 19-00. Будьте пожалуйста вовремя. Телефон для справок +7(921) 880-20-30,,,
spam,Biglion  Услуги | Отели | Туры | Кэшбэк | Магазины ЧТО НОВОГО В КИНО? ВЫБИРАЕМ КИНОТЕАТР ПО ДУШЕ Чем прекрасна осень?! Выбором! Если хорошая погода мы устремляемся собрать красивый букет из разноцветных кленовых листьев и нарисовать ангела всем телом в огромной куче этих же самых листьев любовно собранных дворником. Если погода располагает на спрятаться под крышу тогда мы все бежим куда? Правильно! В кинотеатр! А так как фильмов каждый день выходит бесконечное множество давай выберем место и жанр под настроение. ДОМА. РОМАНТИЧЕСКАЯ КОМЕДИЯ. Это идеальный вариант для одного двоих всей семьи или огромной компании друзей. Во-первых дом есть дом. Во-вторых любое меню. В-третьих любой фильм. В-четвертых в любое время можно прерваться чтобы сделать новую порцию поп-корна. А романтическая комедия — отличный выбор для профилактики осенней хандры. Наш любимый — «Дом у озера» например. КИНО 2D. КОМЕДИЯ. Этот вариант тебе подойдет если ты устал смотреть на дождь за окном и грустные лица прохожих. Иногда очень здорово переключиться на другую картинку в голове чтобы зарядиться позитивом и солнцем Майами например. Комедия — лучший друг и помощник в таком деле! Скоро выходит «Все или ничего»! Пошли вместе! Прочитать всю статью можно здесь!,,,
spam,Последние обновления в блоге Взрывной рост: 12 лучших способов ускорения конверсии Что такое взрывной рост? Взрывной рост (growth hacking) — модное понятие среди маркетологов но многие до сих пор не знают что оно означает и как работает. Если вы из тех ... Читать далее ... График работы технической поддержки с 3 по 5 ноября Здравствуйте дорогие друзья! Мы поздравляем вас с Днем народного единства и от лица нашего коллектива желаем вам силы духа стабильности уверенности единства наций а самое главное — мирного неба над ... Читать далее ...,,,
spam,Специальные акции в разделе «МАГАЗИНЫ» Для получения скидки нужно: Оформить заказ купона. В поле «промокод» ввести слово HALLOWEEN. Cумма заказа пересчитается автоматически. Оплатить заказ.,,,
spam,Biglion Услуги | Отели | Туры | Кэшбэк | Магазины КЭШБЭК ОФЛАЙН ОНЛАЙН ПО ЧЕКАМ + ЛАЙФХАК КАК ЭКОНОМИТЬ Все чаще и чаще в рекламе или где-либо в разговоре встречается такое манящее и такое вкусное слово кэшбэк. Суть его предельно ясна: мы покупаем нам возвращают. Иногда пустячок иногда больше — и тот и другой вариант приятны одинаково. Откуда же ты можешь получить такую радость?! Рассказываем! КЭШБЭК ОНЛАЙН Идея та же — реализация «не выходя из дома». Совершая покупки через онлайн-магазины ты точно также получаешь кэшбэк от покупки на свою карточку. Обычно это либо фиксированная сумма либо определенный процент. Так что ты с легкостью можешь планировать свои покупки и быстро рассчитать какую сумму вернешь обратно. Скажи кайф?! КЭШБЭК ПО ЧЕКАМ Отличная возможность получить кэшбэк с чека – это воспользоваться одним из приложений представленных в пользование. Процедура проста как две копейки: скачиваем приложение сканируем чек через это приложение и получаем возврат. Такие сервисы набирают обороты и все больше становятся популярными поэтому обязательно попробуй: не пожалеешь! Скачать Читайте всю статью здесь и узнаете еще много интересного! И не забывайте заглядывать на наш сайт! Ведь мы собираем для тебя самые выгодные предложения,,,
spam,Дорогие друзья! Спешим обрадовать Вас большим поступлением товара! Новинки и много долгожданных сладостей из Европы ждут Вас! Все подробности в нашем прайс-листе! Ждем Ваших заказов!,,,
spam,У меня для вас классная новость! В эту пятницу 2 ноября в Казани пройдёт игра Денежный Поток. Это будет Баттл на 10 столов. Мы впервые проводим такой формат. Входной билет 1000 рублей. Скажу по секрету за первые два места будут очень ценные призы. Победитель получит 20 000 рублей. Если вы любите играть в Денежный Поток если хотите пощекотать свои нервы обязательно приходите уже в эту пятницу! Количество мест ограничено. Записывайтесь на игру и в пятницу встретимся с вами. Будет возможность пообщаться лично с удовольствием отвечу на ваши вопросы и буду вместе с вами заряжаться от игры Денежный Поток. Играем 2.11 в эту пятницу 19:00 – 21:00. Для записи звоните нашему менеджеру Дмитрию 89600501121. С уважением тренер курса Александр Тен,,,
spam,Последние обновления в блоге 7 причин не покупать лиды В мире маркетинга суметь наладить поток лидов — все равно что получить счастливый билет в будущее в котором ваш бизнес процветает а сами вы рассекаете по улицам города на дорогой,,,
spam,Теперь каждый может заработать 1000 $ в сутки! Автоматически!,,,
spam,Доброго времени суток! Держите 1000 зеленых от автора проекта «Титан 2018» Николая Соболева. Забрать можно тут! Искали дополнительный доход? Хотли избавиться от задолженностей? Приумножить квадратные метры? «Титан» даст все это и даже больше. Крутое авто и феерический отдых престижное проживание и обучение в элитных вузах – считайте все это уже есть у вас. Много ли потеряете? Нисколько. Дееспособность проекта можно проверить не отдавая ни копеечки поэтому никаких минусов из вашго кошелька. Только плюс потому что после перехода на сайт вы автоматом получите штуку баксов от автора. Чтобы вы были уверены в серьезности его намерений,,,
spam,Приглашаем на сайт знакомств для взрослых. У нас много девушек мечтающих о сексе.,,,
spam,Вам поступил денежный перевод в размере 38 000.00 RUB. Для получения перевода пройдите по ссылке:,,,
spam,ПРИВЕТСТВУЮ! ДАЖЕ ЕСЛИ СЕЙЧАС ВСЕ ПЛОХО ЭТО СКОРО ПРОЙДЕТ. ЭТОТ ПЕРЕВОД НА ВАШ КОШЕЛЕК ДОКАЗАТЕЛЬСТВО. ПОЛУЧИТЬ ЕГО МОЖЕТЕ НА САЙТЕ «ТИТАН 2018» ЗАБИРАЙТЕ И УМНОЖАЙТЕ ПОТОЛКА НЕТ: ПОЛУЧИТЬ ПЕРЕВОД ПРОФИТ ИДЕТ 7/24 НАСТОЯЩАЯ НАХОДКА ДЛЯ ТРЕЙДЕРОВ А ДЛЯ ОБЫЧНЫХ ЛЮДЕЙ – ВООБЩЕ НЕОЦЕНИМЫЙ КЛАД. ПОТОМУ ЧТО ТЕПЕРЬ ВЫ СМОЖЕТЕ РЕШИТЬ ВСЕ СВОИ МАТЕРИАЛЬНЫЕ ПРОБЛЕМЫ. ПРОФИТ ДАЖЕ САМОГО НЕОПЫТНОГО НОВИЧКА НАЧИНАЕТСЯ ОТ 800 ЗЕЛЕНЫХ. ЧТО СДЕЛАТЬ? СОВСЕМ НЕМНОГО БУКВАЛЬНО ПАРУ ШАГОВ. ВЫ УДИВИТЕСЬ КАК ЭТО НЕСЛОЖНО И ПОЖАЛЕЕТЕ ТОЛЬКО ОБ ОДНОМ: ПОЧЕМУ ЭТОГО НЕ БЫЛО РАНЬШЕ? ПРОЕКТ СКОРО ВЫХОДИТ В ОТКРЫТОЕ ИНТЕРНЕТ-ПРОСТРАНСТВО НАРОДУ ТАМ БУДЕТ ТЬМА. ПОКА ЭТОГО НЕТ СТАНЬТЕ ПЕРВЫМ И ВАМ ДОСТАНУТСЯ ВСЕ СЛИВКИ: ПЕРЕЙТИ НА САЙТ И СТАТЬ ПЕРВЫМ,,,
ham,Джунгли Lingualeo – это не только увлекательный способ учить английский но и уникальный кладезь самой разной информации. В честь Недели науки и мира Лео приглашает тебя вспомнить о великих умах которые по-настоящему изменили жизнь на Земле. Играй вместе с нашим любознательным львом отвечай на захватывающие вопросы узнавай новое о знаменитых ученых и получай 30% скидку на 12 месяцев Premium,,,
ham,Здравствуйте! Если вы хотите знать как с помощью своего интеллекта можно улучшить свою жизнь то рекомендуем прочитать мини-книгу «Самое важное о вашем интеллекте».,,,
ham,Эльвира Шалафаева оставила Вам личное сообщение,,,
ham,Здравствуйте! Ваше резюме просматривали Ваше резюме вчера просматривала 1 компания. Посмотрите вакансии которые у них открыты возможно среди них найдется подходящая. Android-разработчик Mail.Ru Group,,,
ham,твитнул(а): настроение кого-нибудь отпиздить,,,
ham,800 новых проектов за 5 ноября Проекты по всем специализациям. Настроить список специализаций для рассылки Писатель / переводчик (на постоянную работу) 130 000 р. Akropolis is helping to rid the world of flaws in pension funds with a new immutable and transparent smart-contract-based pension fund infrastructure that will dramatically... Вакансия Юзабилити-аудит SEO-аудит 100 000 р. Здравсвуйте. Сайт www.meb100.ru Требуется: Юзабилити-аудит SEO-аудит (уменьшение отказов увеличение времени на сайте возвраты посетителей повышение конверсии в лиды),,,
ham,Рекомендации Мы подобрали из нашего каталога курсы и специализации которые могут Вас заинтересовать. Просмотрите их и начните изучать что-то новое уже сегодня.,,,
ham,Привет! Мы хотим сыграть с вами в одну игру. Вам пригодится вся ваша смелость и все умения. Ставки высоки — игра не терпит рассеянности слишком ценна награда. Стартуем сегодня — заходите на наш сайт и не теряйте бдительности нечисть будет смотреть на вас изо всех углов. Самые ловкие и внимательные игроки получат скидку 20% на все наши курсы. У вас есть время до 31 октября играйте на свой страх и риск!,,,
ham,Галерея c картинками и звуками поможет упростить и ускорить создание проекта. Кроме предложенных в галерею можно загружать собственные изображения и звуки. Также более 100 новых шрифтов стали доступны для создания сообщений о поступлении доната а длинные надписи можно переносить на несколько строк.,,,
ham,Хэллоуин прошел духи тьмы успокоились но Лео все еще чувствует себя неважно. Его укусил один из проснувшихся зомби. Вся надежда джунглей только на тебя. Пройди жуткий тест Lingualeo и помоги Лео избавиться от таинственного вируса. В награду ты получишь возможность сэкономить 40% на 12 месяцев Premium,,,
ham,Здравствуйте! Направляем вам информацию о платеже. При наличии вопросов пожалуйста обращайтесь в Информационный центр одним из способов:,,,
ham,Читайте роман Роберта Хайнлайна «Достаточно времени для любви»! Вы познакомитесь с приключениями старейшего представителя человеческой расы – Лазаруса Лонга. Он родился в 1912 году и прошел долгий путь от кадета ВМФ до межпланетного торговца колонизатора и одного из богатейших людей галактики. И не смотря на это герой решает рискнуть всем чтобы совершить путешествие в прошлое…,,,
ham,Добрый день! Работаю над позициями Senior Android разработчиков Мск и Спб. Компании готовы помогать с переездом и предлагать лучшие условия на рынке. 1. Компания – ведущий поставщик электронных платежных систем для мировой финансовой индустрии Мск. Мы работаем на 5-ти континентах нашими клиентами являются крупнейшие банки планеты. Обязанности: разработка мобильного приложения выбор технологий для разработки проектирование архитектуры написание программного кода Требования: опыт разработки под Android от 4-х лет отличное знание Java и Android SDK опыт работы с Google Play понимание и практический опыт применения принципов ООП знание шаблонов проектирования и умение их использовать на практике умение писать чистый логичный расширяемый код умение обращаться с чужим программным кодом английский технический Условия: оформление трудовых отношений в соответствии с ТК РФ: "белая" зарплата оплата больничных и отпусков ДМС включая стоматологию возможности карьерного роста обучение в Корпоративном Университете внешние тренинги участие в программах корпоративного кредитования и страхования гибкое начало рабочего дня бутерброды на завтрак офис расположен в районе метро Таганская/Курская/Чкаловская (шаговая доступность) 2. Компания крупнейшая в мире социальная сеть которая готова предлагать наиболее интересные проекты и условия работы на рынке. Задачи Разработка приложения под Android; Внедрение новых сервисов и технологий; Участие в разработке продукта от начала и до конца. Требования Опыт профессионального программирования на языке Java; Опыт профессиональной разработки Android-приложений; Опыт работы с web-технологиями; Приветствуется опыт работы с высоконагруженными системами; Способность самостоятельно определять и соблюдать установленные сроки задач; Коммуникабельная личность ориентированная на сотрудничество с высоким чувством ответственности и умением работать в команде. Компании готова предлагать очень привлекательные условия труда. Хотела бы обсудить с Вами данные вакансии или буду очень признательна за рекомендации.,,,
ham,Уважаемый Юрий Алексеевич! 	Поздравляем Вас с Днём рождения! Примите наши самые тёплые поздравления и подарок. Получить его Вы сможете у одного из наших партнеров. Просто перейдите по этой ссылке и выберите то что Вам понравится.,,,
ham,1. После вручения букета получателю мы проинформируем Вас о доставке электронным письмом и SMS-сообщением. 2. Вы можете узнать статус вашего заказа в личном кабинете по ссылке Мы благодарим вас за обращение в нашу компанию спасибо за доверие! Русский букет,,,
ham,Юрий приветствуем! У вас есть Карта рассрочки — и вам есть что о ней рассказать. Нам интересно ваше мнение о карте: каких партнёров вы ждёте какие бонусы хотите получать на каких условиях покупать? Мы учтем ваши пожелания в следующем бонусе по Карте который вы выберете сами!,,,
ham,Здравствуйте давайте во вторник  в час или в пять,,,